{"cameraMode":{"drawMode":0,"name":"Shaded","section":"Shading Mode"},"sceneLighting":true,"audioPlay":false,"sceneViewState":{"m_AlwaysRefresh":false,"showFog":true,"showSkybox":true,"showFlares":true,"showImageEffects":true,"showParticleSystems":true,"showVisualEffectGraphs":true,"m_FxEnabled":true},"in2DMode":false,"pivot":{"x":0.7679753303527832,"y":3.6102895736694338,"z":3.0715274810791017},"rotation":{"x":-0.39841532707214358,"y":-0.00908251665532589,"z":0.003945527598261833,"w":-0.917151927947998},"size":13.767178535461426,"orthographic":false}